Orden;Empresa;Cotiza;Codact;Ventas;Capital;Recprop;Acttot;Benefico;Inmovil;Cashflow;Rentab;Plantill;Cashvent;Ventinmv;Ventact;Ventplan;Inmoactt;Benvent;Benrecpr;Bencap;Filter_$
1;Telefónica de España;1;16;1271510;463480;1488378;3917167;83899;3568851;425802;6;74437;0,334879002;0,356279934;0,324599385;17,08169324;0,911079614;0,065983752;0,056369417;0,181019677;1
2;El Corte Inglés;0;4;775104;46207;248813;463335;23795;173572;37005;10;40851;0,04774198;4,465605052;1,672880313;18,97392965;0,37461448;0,030699106;0,095634071;0,514965265;1
3;Iberdrola;1;7;775218;437564;1028297;3133889;58778;2911741;164567;6;15086;0,212284802;0,266238652;0,247366132;51,38658359;0,929114273;0,075821253;0,057160529;0,134330064;1
4;Repsol Comercial (c);0;18;700963;3247;4869;150236;1531;61898;1990;31;455;0,002838952;11,32448544;4,665745893;1540,578022;0,412005112;0,002184138;0,314438283;0,471512165;1
5;Seat;0;2;674063;84000;91056;472004;-12756;381012;7934;-14;24268;0,011770413;1,769138505;1,428087474;27,77579529;0,807221973;-0,018924047;-0,140089615;-0,151857143;1
6;Tabacalera;1;18;631003;18442;84646;220062;14729;101784;21725;17;8174;0,034429313;6,199432131;2,867387373;77,19635429;0,462524198;0,023342203;0,174007041;0,798666088;1
7;FASA Renault;1;2;537744;22781;129448;245723;9059;95735;30795;7;14881;0,057267027;5,617005275;2,188415411;36,13628116;0,389605369;0,016846306;0,069981769;0,397655941;1
8;Repsol Petróleo;0;14;489155;36154;101465;332985;12541;194837;26196;12;4362;0,053553577;2,510585772;1,469000105;112,1400734;0,585122453;0,02563809;0,123599271;0,346877247;1
9;Pryca;1;4;448465;18925;94010;258782;13495;130790;22804;14;13200;0,050849007;3,428893646;1,732983747;33,97462121;0,505406095;0,030091534;0,143548559;0,713077939;1
10;Iberia;0;17;445853;213281;138922;544617;-34824;424760;-8757;-25;25617;-0,019641003;1,049658631;0,81865421;17,40457509;0,77992424;-0,078106461;-0,25067304;-0,163277554;0
11;Endesa;1;7;430878;208004;503065;1114274;95118;1015846;164761;19;6100;0,382384341;0,424156811;0,38668945;70,6357377;0,911666251;0,220753902;0,189076958;0,457289283;1
12;Ford España;0;2;427333;21070;126718;228674;10700;46909;27250;8;9545;0,0637676;9,10982967;1,868743276;44,77035097;0,205134821;0,025039021;0,084439464;0,507831039;1
13;CLH;1;14;425909;14012;87373;296022;34329;113939;44955;39;3678;0,105550716;3,738044041;1,438774821;115,7990756;0,384900447;0,080601725;0,392901697;2,449971453;1
14;General Motors España;0;2;414472;41547;95963;216214;21201;77787;36055;22;9200;0,086990195;5,328293931;1,916952649;45,05130435;0,359768563;0,051151827;0,2209289;0,510289552;1
15;Cepsa;1;14;371566;44596;143544;320857;11248;194183;17686;8;2486;0,047598542;1,913483673;1,158042368;149,463395;0,605201071;0,030271876;0,078359249;0,25221993;1
16;Unión Fenosa;1;7;341596;145069;309904;1116935;13420;970791;66167;4;5355;0,193699575;0,351873884;0,305833374;63,79010271;0,869156218;0,039286174;0,043303733;0,092507703;1
17;Continente;0;4;304852;8574;28179;145642;5670;73005;11106;20;9556;0,036430793;4,175768783;2,09315994;31,90163248;0,501263372;0,018599189;0,20121367;0,66130161;1
18;FCC;1;5;299375;7506;45339;297389;11351;71137;16674;25;22103;0,055696033;4,208428806;1,006678122;13,54454146;0,239205216;0,037915658;0,250358411;1,512256861;1
19;Dragados y Construcciones;1;5;291305;29724;100864;254492;10325;48424;13073;10;13215;0,044877362;6,015715348;1,144652877;22,04351116;0,190277101;0,03544395;0,102365562;0,347362401;1
20;Citroën Hispania;1;2;288109;5344;76759;132017;5687;40226;14664;7;8267;0,050897403;7,162258241;2,182362878;34,8504899;0,304703182;0,019739057;0,074089032;1,064184132;1
21;Sevillana de Electricidad;1;7;258331;148201;298108;792174;12772;709445;40021;4;6102;0,154921399;0,364131117;0,326103861;42,33546378;0,895567136;0,049440447;0,042843533;0,086180255;1
22;Cepsa Estaciones de Servicio;0;4;242303;14012;43450;78374;207;38580;1486;0;3100;0,006132817;6,280533955;3,091624774;78,16225806;0,492255085;0,000854302;0,004764097;0,014773052;1
23;IBM;0;8;234929;19500;30757;159328;523;47070;12636;2;4479;0,053786463;4,991055874;1,474499146;52,45121679;0,295428299;0,002226205;0,017004259;0,026820513;1
24;Fecsa;1;7;206811;208593;273371;762166;15247;693523;47212;6;3321;0,228285729;0,29820352;0,2713464;62,27371274;0,909936943;0,073724318;0,055774021;0,073094495;1
25;Cubiertas y MZOV;1;5;206259;4971;40655;164872;4757;27089;7359;12;7056;0,035678443;7,614123814;1,251025038;29,23171769;0,164303217;0,023063236;0,117008978;0,956950312;1
26;Peugeot Talbot;0;2;200380;10500;16878;64514;-3194;22002;-448;-19;5331;-0,002235752;9,107353877;3,105992498;37,58769462;0,341042254;-0,015939715;-0,189240431;-0,304190476;0
27;Renfe;0;17;179944;;546217;1678276;-298976;1508564;-237938;-55;47903;-1,322289157;0,119281648;0,107219551;3,756424441;0,898877181;-1,661494687;-0,547357552;;0
28;Nissan Motor Ibérica;1;2;173067;55766;54844;198097;-14389;146813;-5788;-26;7203;-0,033443695;1,178826126;0,873647758;24,02707205;0,741116726;-0,083141211;-0,262362337;-0,258024603;0
29;Hipercor;0;4;166909;;39921;76011;4954;61357;10775;12;6500;0,064556135;2,720292713;2,195853232;25,67830769;0,807212114;0,029680844;0,124095088;;1
30;Ensidesa;0;11;158106;125145;33663;339125;-67644;234579;-53188;-201;14390;-0,33640722;0,673998951;0,466217471;10,98721334;0,691718393;-0,427839551;-2,009446573;-0,540524991;0
31;INI;0;18;155782;170984;-15774;982027;-188545;836825;-188545;1195;;-1,21031313;0,186158396;0,158633113;;0,852140522;-1,21031313;11,95289717;-1,102705516;0
32;Repsol Butano;0;14;151688;9772;16601;81701;6603;50300;11170;40;2016;0,073637994;3,015666004;1,856623542;75,24206349;0,615659539;0,043530141;0,397747124;0,675706099;1
33;Mercadona;0;4;148822;2638;5881;58299;1850;40342;6753;31;10021;0,045376356;3,689008973;2,552736754;14,85101287;0,691984425;0,012430958;0,314572352;0,701288855;1
34;Neumáticos Michelin;0;2;147634;46692;31700;139679;841;60862;5716;3;11125;0,038717369;2,425717196;1,056952011;13,27047191;0,435727633;0,00569652;0,026529968;0,018011651;1
35;Petronor;0;14;132294;20020;50179;92498;8369;69612;13577;17;887;0,102627481;1,900448199;1,430236329;149,1476888;0,752578434;0,063260617;0,166782917;0,418031968;1
36;Nerslé AEPA;0;1;129850;18000;41690;91828;6342;57876;10214;15;6052;0,078659992;2,243589744;1,414056715;21,45571712;0,630265279;0,04884097;0,152122811;0,352333333;1
37;ENHER;1;7;127241;46893;135955;221399;4521;192907;12882;3;2038;0,101240952;0,65959763;0,574713526;62,43424926;0,871309265;0,035531;0,03325365;0,096410978;1
38;Mercedes-Benz;0;2;125099;17515;22688;55192;1487;18084;4023;7;3255;0,03215853;6,917662022;2,266614727;38,4328725;0,327656182;0,011886586;0,065541255;0,084898658;1
39;Agromán;1;5;121076;12639;21345;99751;800;20331;2864;4;4473;0,023654564;5,955240765;1,213782318;27,0681869;0,203817506;0,00660742;0,037479503;0,063296147;1
40;TVE;0;16;119624;5625;32180;91594;2270;30208;4747;7;6496;0,039682672;3,960010593;1,306024412;18,41502463;0,329803262;0,018976125;0,070540709;0,403555556;1
41;Ferrovial;0;5;117136;15106;34888;110779;4200;20245;6392;12;3790;0,054569048;5,78592245;1,057384522;30,90659631;0,182751243;0,035855757;0,120385233;0,278035218;1
42;Cofares;0;4;109088;3590;4723;20275;60;4176;290;1;576;0,002658404;26,12260536;5,380419236;189,3888889;0,205967941;0,000550015;0,01270379;0,016713092;1
43;Enagas;0;16;106541;85176;105976;202726;3129;171712;9919;3;963;0,093100309;0,620463334;0,525541864;110,6344756;0,847015183;0,029368975;0,029525553;0,0367357;1
44;BP Oil España;1;14;103910;16333;46698;82353;10378;45357;12774;22;447;0,122933308;2,290936349;1,261763384;232,4608501;0,550763178;0,099874892;0,222236498;0,635400722;1
45;Eroski;0;4;103593;6729;20642;61804;3187;42395;3187;15;3184;0,030764627;2,443519283;1,676153647;32,53548995;0,685958838;0,030764627;0,154393954;0,473621638;1
46;CASA;0;6;100529;58520;46701;186778;-3593;67051;4094;-8;8999;0,040724567;1,499291584;0,5382272;11,17113013;0,358987675;-0,03574093;-0,076936254;-0,061397813;1
47;Repsol Explotación;0;14;94871;23892;98346;148092;7776;54088;22213;8;629;0,234138989;1,75401198;0,640622046;150,8282989;0,365232423;0,08196393;0,079067781;0,325464591;1
48;Huarte;1;5;92502;8365;29364;107365;3700;22461;4921;13;2673;0,05319885;4,118338453;0,861565687;34,60606061;0,209202254;0,039999135;0,126004632;0,442319187;1
49;Alcatel Standard Eléctrica;0;10;91162;56410;55543;184151;-8417;96607;-3406;-15;7178;-0,037362059;0,943637625;0,495039397;12,70019504;0,524607523;-0,092330138;-0,151540248;-0,149211133;0
50;Ertoil;0;14;87471;10300;30891;77473;2510;48322;5676;8;951;0,064890078;1,810169281;1,129051411;91,97791798;0,623726976;0,028695225;0,08125344;0,24368932;1
51;Hidrocantábrico;1;7;86949;37732;88536;189039;6434;158336;15285;7;1034;0,175792706;0,54914233;0,459952708;84,08994197;0,837583779;0,073997401;0,072671004;0,170518393;1
52;Robert Bosch;0;10;85722;14860;19550;47530;-1571;22367;2314;-8;4793;0,026994237;3,832521125;1,80353461;17,88483205;0,470586998;-0,018326684;-0,080358056;-0,105720054;1
53;Repsol Química;0;15;84876;10050;12935;83164;-12423;38743;-8616;-96;1955;-0,101512795;2,190744134;1,02058583;43,41483376;0,465862633;-0,146366464;-0,960417472;-1,236119403;0
54;Sony España;0;10;84564;750;15308;37789;866;11037;2818;6;1360;0,033323873;7,661864637;2,237794067;62,17941176;0,292069121;0,010240764;0,056571727;1,154666667;1
55;Ebro Agrícolas;1;1;83325;4745;82950;137919;3589;99963;6964;4;2827;0,083576358;0,833558417;0,604158963;29,47470817;0,724794988;0,043072307;0,043267028;0,756375132;1
56;Altos Hornos de Vizcaya;1;11;83063;67056;28221;182000;-31648;131941;-24753;-112;6560;-0,298002721;0,62954654;0,45639011;12,66204268;0,724950549;-0,381012003;-1,121434393;-0,471963732;0
57;Gas Natural, SDG;1;16;80252;22389;124143;173346;9832;145553;17603;8;2062;0,219346558;0,551359299;0,462958476;38,91949564;0,839667486;0,122514081;0,079198988;0,439144223;1
58;Makro;0;4;78071;3670;10773;35036;1987;18895;2732;18;1694;0,034993788;4,131833818;2,228308026;46,08677686;0,539302432;0,025451192;0,184442588;0,541416894;1
59;Dow Chemical Ibérica;0;15;77973;22060;21404;68925;-15181;42399;-9920;-71;910;-0,127223526;1,839029222;1,131273123;85,68461538;0,615146899;-0,1946956;-0,709259951;-0,688168631;0
60;Astilleros Españoles;0;6;77722;21600;9327;110108;-9263;30164;-7750;-99;6922;-0,099714367;2,576647659;0,7058706;11,22825773;0,273949213;-0,119181184;-0,993138201;-0,428842593;0
61;Entrecanales y Tavora;0;5;75959;7422;20964;145606;3728;11879;4162;18;3157;0,054792717;6,394393467;0,521674931;24,06050048;0,081583177;0,049079108;0,177828659;0,502290488;1
62;Abengoa;0;10;75202;2600;15303;56151;1925;12797;2969;13;5657;0,039480333;5,876533563;1,33928158;13,29361853;0,227903332;0,025597723;0,125792328;0,740384615;1
63;Siemens;0;10;71234;3600;14537;73575;-580;7491;1090;-4;3005;0,015301682;9,5092778;0,968182127;23,70515807;0,101814475;-0,008142179;-0,039898191;-0,161111111;1
64;OCP Construcciones;1;5;70957;4782;23402;76457;1426;19936;2290;6;2864;0,032273067;3,559239567;0,928064141;24,77548883;0,260747871;0,020096678;0,060934963;0,298201589;1
65;Cía. Distribuidora Petróleos;0;4;70171;1350;1355;11129;31;5331;295;2;1150;0,004204016;13,16282123;6,305238566;61,01826087;0,47901878;0,000441778;0,022878229;0,022962963;1
66;Cargill España;0;1;68811;2941;10252;27321;329;9425;1025;3;866;0,014895874;7,300901857;2,518612057;79,45842956;0,344972732;0,004781212;0,032091299;0,111866712;1
67;Vallehermoso;1;5;65202;18438;68537;154496;7600;67035;8321;11;294;0,127618785;0,972656075;0,422030344;221,7755102;0,433894729;0,116560842;0,110889009;0,412192212;1
68;Acerinox;1;11;64310;9667;67560;78747;3467;36324;6919;5;1839;0,107588244;1,770454796;0,816666032;34,97009244;0,461274715;0,053910745;0,051317348;0,358642805;1
69;Inespal;0;11;63164;76196;35635;146763;-19571;100373;-16676;-55;3950;-0,264011146;0,629292738;0,430380954;15,99088608;0,683912158;-0,309844215;-0,54920724;-0,256850753;0
70;Viajes El Corte Inglés;0;18;60997;300;7248;12379;2039;583;2108;28;1047;0,034559077;104,626072;4,927457791;58,25883477;0,047095888;0,033427874;0,281318985;6,796666667;1
71;BMW Ibérica;0;4;60933;964;5051;15169;3721;825;3899;74;147;0,063988315;73,85818182;4,016942448;414,5102041;0,054387237;0,061067074;0,736685805;3,859958506;1
72;Hidroeléctrica de Cataluña;1;7;60420;67806;70957;158084;1459;144125;6942;2;1032;0,11489573;0,419219428;0,382201867;58,54651163;0,911698844;0,024147633;0,020561749;0,02151727;1
73;Distribuidora Prod. Petrolíferos;0;4;60169;250;170;7828;-40;3081;86;-23;1104;0,001429307;19,52904901;7,686382218;54,5009058;0,393587123;-0,000664794;-0,235294118;-0,16;1
74;Iveco Pegaso;0;2;59178;8447;-24730;77705;-31644;32713;-28559;128;4476;-0,482594883;1,809005594;0,761572614;13,22117962;0,42098964;-0,534725743;1,279579458;-3,746182076;0
75;Basf Española;0;15;58699;1500;16112;43141;462;18600;3971;3;1142;0,067650216;3,155860215;1,360631418;51,40017513;0,431144387;0,007870662;0,02867428;0,308;1
76;Repsol;0;14;58676;150000;373268;538901;34888;398906;35668;9;161;0,607880564;0,147092297;0,108880852;364,447205;0,740221302;0,594587225;0,093466357;0,232586667;1
77;Unelco;0;7;58622;30664;70896;133641;6587;119740;16639;9;2138;0,28383542;0,489577418;0,438652809;27,41908326;0,89598252;0,112363959;0,092910742;0,214812158;1
78;Aviaco;0;17;58126;7400;16247;58971;1665;47223;4178;10;1813;0,071878333;1,230883256;0,985670923;32,06067292;0,800783436;0,028644668;0,102480458;0,225;1
79;ERZ;1;7;57351;7778;39560;76433;3058;67460;6318;6;1022;0,110163729;0,850148236;0,750343438;56,11643836;0,882603064;0,053320779;0,077300303;0,393160195;1
80;Firestone Hispania;0;2;56303;9268;7299;50972;-5211;28796;-2837;-71;4266;-0,050388079;1,955236838;1,104586832;13,19807782;0,564937613;-0,092552795;-0,713933416;-0,562257229;0
81;Bazán;0;6;53547;3950;-4688;92636;-8014;39703;-5463;164;8560;-0,102022522;1,348689016;0,578036616;6,255490654;0,428591476;-0,149662913;1,70947099;-2,028860759;0
82;Tragsa;0;5;51559;2958;17987;59773;1494;4905;2007;8;1263;0,038926279;10,51151886;0,862580095;40,8226445;0,082060462;0,028976512;0,083059988;0,505070994;1
83;Shell España;0;14;51258;2200;23967;41046;-9;21943;1607;0;505;0,031351204;2,335961354;1,248794036;101,5009901;0,534595332;-0,000175582;-0,000375516;-0,004090909;1
84;GESA;1;7;48777;11291;59570;81036;6566;71591;11652;11;2127;0,23888308;0,681328659;0,601917666;22,93229901;0,883446863;0,134612625;0,110223267;0,581525108;1
85;Cristalería Española;1;9;48401;13119;49432;87235;3848;65997;8131;8;2470;0,167992397;0,73338182;0,554834642;19,59554656;0,756542672;0,07950249;0,077844311;0,293315039;1
86;Ericson;0;18;47965;10600;19975;42519;-2680;8012;3386;-13;2974;0,070593141;5,986645032;1,128083915;16,12811029;0,188433406;-0,055874075;-0,13416771;-0,252830189;1
87;El Aguila;1;1;47699;8995;13812;51775;-6306;40064;-2501;-46;1931;-0,052432965;1,190570088;0,921274746;24,70170896;0,773809754;-0,132204029;-0,456559513;-0,701056142;0
88;Electra deViesgo;1;7;47353;24374;60800;123804;2003;102821;5465;3;944;0,115409795;0,460538217;0,382483603;50,16207627;0,830514361;0,042299326;0,032944079;0,08217773;1
89;Bayer Hispania Industrial;0;15;46504;6000;33602;50602;-2109;28172;547;-6;1314;0,011762429;1,650717024;0,919015059;35,39117199;0,556736888;-0,045350938;-0,062764121;-0,3515;1
90;Campofrío;1;1;46293;5009;20631;30786;3184;19197;4946;15;1766;0,106841207;2,411470542;1,503702982;26,21347678;0,623562658;0,068779297;0,154330861;0,63565582;1
91;Santana-Motor;1;2;45835;6215;-652;30671;-7494;14753;-4711;1149;3087;-0,102781717;3,10682573;1,494408399;14,84774862;0,481008118;-0,163499509;11,49386503;-1,205792438;0
92;Hewlett-Packard;0;8;45380;1100;3978;24746;269;6632;1222;7;830;0,026928162;6,842581423;1,83383173;54,6746988;0,26800291;0,005927721;0,067621921;0,244545455;1
93;Red Eléctrica de España;0;7;45351;45090;70423;203992;6518;194494;16679;9;1005;0,367775793;0,233174288;0,222317542;45,12537313;0,953439351;0,143723402;0,092554989;0,144555334;1
94;Supermercados Sabeco;0;4;43756;875;7679;16545;956;6482;1866;12;2140;0,04264558;6,750385683;2,644666062;20,44672897;0,391779994;0,021848432;0,124495377;1,092571429;1
95;Autopistas CESA;1;16;43659;68476;119296;239390;16153;215132;16628;14;1044;0,380860762;0,20294052;0,182376039;41,81896552;0,898667446;0,369980989;0,135402696;0,235892868;1
96;Induyco;0;18;43599;1440;11214;35262;184;9991;831;2;4269;0,01906007;4,363827445;1,236430151;10,21293043;0,283336169;0,00422028;0,016408061;0,127777778;1
97;Agropecuaria de Guissona;0;1;42910;2194;8328;20447;304;5613;790;4;1485;0,018410627;7,644753251;2,098596371;28,8956229;0,274514599;0,007084596;0,036503362;0,138559708;1
98;Sintel;0;10;42503;1100;7433;45106;112;6862;709;2;3642;0,016681175;6,193966774;0,942291491;11,67023613;0,152130537;0,002635108;0,01506794;0,101818182;1
99;Sarrió;1;13;42124;26756;51835;101872;105;62930;2241;0;1645;0,053200076;0,669378675;0,413499293;25,60729483;0,617735982;0,002492641;0,002025658;0,003924353;1
100;Percanova;1;1;41682;5358;9344;33015;714;9947;1040;8;1399;0,024950818;4,190409169;1,262517038;29,79413867;0,301287294;0,017129696;0,076412671;0,133258679;1
101;Uralita;1;9;41239;20957;50114;117339;2409;78678;4100;5;2251;0,099420452;0,524149063;0,351451776;18,32030209;0,670518753;0,058415577;0,048070399;0,114949659;1
102;Lain;1;5;41097;3600;7238;41765;902;3570;1257;12;1414;0,030586174;11,51176471;0,984005746;29,06435644;0,085478271;0,021948074;0,124620061;0,250555556;1
103;Asturiana de Zinc;1;11;40953;15400;11240;59182;-9342;43027;-6396;-83;1789;-0,156179035;0,951797708;0,691984049;22,89155953;0,727028488;-0,228115156;-0,83113879;-0,606623377;0
104;Rank Xerox;0;8;40848;4200;7412;32184;64;12791;3339;0;1586;0,081742068;3,193495426;1,269202088;25,75535939;0,397433507;0,001566784;0,008634647;0,015238095;1
105;Aceprosa;1;1;40759;4234;7149;20138;-1197;7614;-633;-17;540;-0,015530312;5,353165222;2,023984507;75,47962963;0,378091171;-0,029367747;-0,167436005;-0,282711384;0
106;Zardoya Otis;1;6;40568;6597;11988;36101;5130;7667;6243;43;3643;0,153889765;5,291248207;1,123736185;11,13587702;0,212376388;0,126454348;0,427927928;0,777626194;1
107;Corporación Banesto;1;18;40163;22258;251116;299950;5654;213954;5676;2;34;0,141324104;0,187717921;0,133898983;1181,264706;0,713298883;0,140776336;0,022515491;0,254021026;1
108;Hunosa;0;12;39634;2250;5570;161661;-1593;118080;5042;-29;14341;0,127214008;0,335653794;0,245167356;2,763684541;0,730417355;-0,040192764;-0,285996409;-0,708;1
109;Mahou;0;1;39016;3500;41124;60732;5076;38967;8629;12;1507;0,221165676;1,001257474;0,642429032;25,88984738;0,641622209;0,130100472;0,123431573;1,450285714;1
110;Auxini;0;5;38773;5200;7393;29124;957;6342;1434;13;1681;0,0369845;6,113686534;1,331307513;23,06543724;0,21775855;0,024682124;0,129446774;0,184038462;1
111;Carburos Metálicos;1;15;38172;13012;33502;63802;1702;40480;5065;5;1508;0,132688882;0,94298419;0,598288455;25,31299735;0,63446287;0,044587656;0,050802937;0,130802336;1
112;Koipe;1;1;37982;4307;13916;24125;1007;17148;1366;7;432;0,035964404;2,214952181;1,57438342;87,9212963;0,710797927;0,026512559;0,072362748;0,233805433;1
113;FNMT;0;18;37809;1672;29971;52091;276;27878;2144;1;2002;0,056706075;1,35623072;0,725825958;18,88561439;0,535178822;0,007299849;0,009208902;0,16507177;1
114;Renault V. Industriales;0;2;37587;2000;1336;16123;-3471;5139;-2938;-260;1441;-0,078165323;7,314068885;2,331265893;26,08396947;0,318737208;-0,092345758;-2,598053892;-1,7355;0
115;Hermandad Far. del Med.;0;4;37056;669;1693;10529;44;1823;162;3;445;0,004371762;20,32693363;3,519422547;83,27191011;0,173140849;0,001187392;0,025989368;0,065769806;1
116;Viajes Ecuador;0;18;36655;430;472;6504;238;1378;346;50;760;0,009439367;26,60014514;5,635762608;48,23026316;0,211869619;0,006492975;0,504237288;0,553488372;1
117;Vicasa;0;18;38562;6684;20968;41367;1539;22988;4932;7;2478;0,127897931;1,677483905;0,932192327;15,56174334;0,555708657;0,039909756;0,073397558;0,230251346;1
118;Rover España;0;4;36423;250;1707;11568;386;692;461;23;115;0,012656838;52,63439306;3,148599585;316,7217391;0,059820194;0,010597699;0,226127709;1,544;1
119;Autoservios Caprabo;0;4;36138;493;6945;14114;1165;5421;1680;17;1628;0,046488461;6,666297731;2,560436446;22,1977887;0,384086722;0,032237534;0,16774658;2,363083164;1
120;Azucarera Española;1;1;36031;4119;22178;30703;1831;15975;4069;8;935;0,112930532;2,255461659;1,173533531;38,53582888;0,520307462;0,050817352;0,082559293;0,44452537;1
121;B. Wilcox Española;0;6;35949;21733;8754;47456;-10998;18106;-9953;-126;2288;-0,276864447;1,985474428;0,757522758;15,71197552;0,381532367;-0,305933406;-1,256339959;-0,506050706;0
122;Lactaria Española;0;1;35655;9500;510;15501;100;5674;627;20;669;0,017585191;6,283926683;2,300174182;53,29596413;0,366040901;0,002804656;0,196078431;0,010526316;1
123;San Miguel;1;1;35621;4536;19778;28171;1599;16985;4412;8;1277;0,123859521;2,097203415;1,264456356;27,89428348;0,602924994;0,044889251;0,080847406;0,352513228;1
124;Transmediterránea;0;17;35617;3022;33131;54444;2654;39569;5440;8;2532;0,152736053;0,900123834;0,654195136;14,06674566;0,726783484;0,074514979;0,080106245;0,87822634;1
125;Ciba-Geigy;0;15;35369;5150;8493;22478;-202;9356;211;-2;852;0,005965676;3,780354853;1,573494083;41,5129108;0,416229202;-0,005711216;-0,023784293;-0,039223301;1
126;Anglo Española Distribución;0;4;35301;25;4857;27161;2275;16818;2885;47;127;0,08172573;2,09900107;1,299694415;277,9606299;0,619196642;0,064445766;0,468396129;91;1
127;Ginéz Navarra;0;5;35185;1040;9086;46009;567;14132;828;6;845;0,023532755;2,489739598;0,764741681;41,63905325;0,307157295;0,016114822;0,062403698;0,545192308;1
128;Agra;0;1;35158;1085;3831;19188;-239;9315;1526;-6;558;0,043404062;3,774342458;1,832291015;63,00716846;0,485459662;-0,006797884;-0,0623858;-0,220276498;1
129;Urbis;1;5;35151;13921;36531;103641;2021;28482;2305;6;167;0,065574237;1,234147883;0,339161143;210,4850299;0,274814021;0,057494808;0,055322876;0,145176352;1
130;Puleva;1;1;34815;2844;10111;32714;194;26576;1619;2;1214;0,046502944;1,310016556;1,064223268;28,67792422;0,812373907;0,005572311;0,019187024;0,068213783;1
131;Consum;0;4;34255;745;1531;13956;331;8384;1024;22;1557;0,029893446;4,085758588;2,454499857;22,00064226;0,600745199;0,009662823;0,216198563;0,444295302;1
132;Benckiser;0;15;30013;8080;8224;38244;172;29949;365;2;160;0,012161397;1,002136966;0,784776697;187,58125;0,783103232;0,00573085;0,020914397;0,021287129;1
133;Balay;0;10;33979;4794;10388;19242;725;5828;1943;7;1452;0,057182377;5,83030199;1,765876728;23,40151515;0,302879119;0,021336708;0,069792068;0,151230705;1
134;Aguas de Barcelona;1;16;33581;20132;75490;98343;5373;84831;8862;7;1251;0,263899229;0,395857646;0,341468127;26,84332534;0,862603337;0,160001191;0,07117499;0,266888536;1
135;CAF;1;6;33422;1714;9502;35023;1561;9642;2672;16;2785;0,07994734;3,4662933;0,954287183;12,00071813;0,2753048;0,046705763;0,164281204;0,910735123;1
136;Enusa;0;12;33202;10000;23374;85809;2117;30873;3243;9;730;0,097674839;1,075438085;0,38692911;45,48219178;0,359787435;0,063761219;0,09057072;0,2117;1
137;Diario el País;0;18;33148;3000;6171;11946;5032;6317;6287;82;815;0,189664535;5,247427576;2,774820023;40,67239264;0,52879625;0,15180403;0,815426997;1,677333333;1
138;Elecnor;1;10;33078;1500;6863;22186;1125;4946;1582;16;2760;0,04782635;6,687828548;1,490940233;11,98478261;0,222933381;0,034010521;0,163922483;0,75;1
139;Cepsa Red;0;4;32916;6296;6228;28497;1661;17557;2474;27;560;0,075161016;1,874807769;1,155068955;58,77857143;0,61609994;0,050461782;0,26669878;0,263818297;1
140;Quimidroga;0;4;32801;58;2965;14250;195;2092;324;7;313;0,009877748;15,6792543;2,301824561;104,7955272;0,146807018;0,005944941;0,065767285;3,362068966;1
141;Eulen;1;18;32696;680;3527;16839;216;3045;658;6;15740;0,020124786;10,73760263;1,941682998;2,0772554;0,180830216;0,006606313;0,061241849;0,317647059;1
142;Damm;1;1;32566;7049;18117;37091;4798;20204;7236;26;1062;0,222194927;1,611859038;0,87800275;30,66478343;0,544714351;0,147331573;0,264834134;0,680663924;1
143;Aluminio Español;0;11;32155;31679;35755;67773;-5945;54538;-3349;-17;882;-0,104151765;0,58958891;0,474451478;36,4569161;0,804715742;-0,18488571;-0,166270452;-0,187663752;0
144;Vall Companys;0;1;32132;188;16511;20058;1613;4841;1839;10;95;0,057232665;6,637471597;1,601954332;338,2315789;0,241350085;0,050199178;0,097692447;8,579787234;1
145;Continental Hispánica;0;4;32065;623;3088;11374;1708;2595;1737;55;59;0,054171215;12,35645472;2,819148936;543,4745763;0,228151925;0,053266802;0,553108808;2,741573034;1
146;Central Lechera Asturiana;0;1;31406;967;5686;12980;202;4508;636;4;810;0,020250907;6,966725821;2,419568567;38,77283951;0,347303544;0,006431892;0,035525853;0,208893485;1
147;Cortefiel;0;4;30973;2002;13602;22073;2557;6603;3202;19;3030;0,103380364;4,69074663;1,403207539;10,22211221;0,29914375;0,082555774;0,187987061;1,277222777;1
148;Merco;0;4;30726;26782;-4543;13263;-5817;8731;-5209;128;344;-0,169530691;3,519184515;2,316670437;89,31976744;0,658297519;-0,189318492;1,280431433;-0,217198118;0
149;Lever España;0;15;30611;2090;1939;10917;-669;3893;-97;-35;697;-0,003168796;7,863087593;2,803975451;43,91822095;0,356599798;-0,021854889;-0,345023208;-0,320095694;0
150;Retevisión;0;16;29902;19342;32929;85087;2660;51574;7310;8;1317;0,244465253;0,579788265;0,351428538;22,70463174;0,606132547;0,08895726;0,08077986;0,137524558;1
151;Acenor;0;11;29846;7713;-8187;81486;-16310;64243;-13217;199;2317;-0,442839912;0,464579799;0,366271507;12,88131204;0,788393098;-0,546471889;1,992182729;-2,114611695;0
152;Cetesa;0;18;29755;434;4816;18351;2527;7196;3249;52;1208;0,109191732;4,134936076;1,621437524;24,63162252;0,392131219;0,084926903;0,524709302;5,822580645;1
153;Gruma;0;4;29381;811;2330;9091;362;2573;467;16;290;0,015894626;11,41896619;3,231877681;101,3137931;0,28302717;0,012320888;0,155364807;0,446362515;1
154;Bimbo;0;1;29254;2300;14698;21181;1175;11933;2256;8;2710;0,077117659;2,451520992;1,381143478;10,79483395;0,563382277;0,040165447;0,079942849;0,510869565;1
155;Canal Isabel II;0;16;29071;52387;203905;265557;9;246666;5381;0;1958;0,185098552;0,117855724;0,109471789;14,84729316;0,92886273;0,000309587;4,41382E-05;0,000171798;1
156;SE Metales Preciosos;0;11;28920;132;4158;8303;215;1052;400;5;239;0,013831259;27,4904943;3,483078405;121,0041841;0,126701192;0,007434302;0,051707552;1,628787879;1
157;Agfa Gevaert;0;15;28756;3190;11901;27163;325;4288;1063;3;783;0,036966198;6,706156716;1,058645952;36,72541507;0,157861797;0,011301989;0,02730863;0,101880878;1
158;Química Farmacéutica Bayer;0;15;28713;1550;8410;19733;2283;4372;2807;27;1098;0,097760596;6,56747484;1,455075255;26,15027322;0,221557797;0,079511023;0,271462545;1,472903226;1
159;OMSA;1;1;28370;3131;7197;11508;878;4530;1321;12;1278;0,046563271;6,262693157;2,465241571;22,19874804;0,393639208;0,030948185;0,121995276;0,280421591;1
160;Finazauto;1;4;27553;5287;8527;32272;-5382;13463;-4813;-63;1897;-0,174681523;2,046572086;0,85377417;14,52451239;0,417172781;-0,195332632;-0,631171573;-1,017968602;0
161;Corviam;0;5;27408;;1656;14558;;1191;257;0;609;0,009376824;23,01259446;1,882676192;45,00492611;0,081810688;;;;1
162;Fujitsu España;0;8;27341;3500;-850;22889;-4325;3459;-3514;509;1387;-0,128524926;7,904307603;1,19450391;19,71232877;0,151120626;-0,158187338;5,088235294;-1,235714286;0
163;Du Pont Iberica;0;4;26952;11475;11139;47722;-468;37393;-94;-4;350;-0,003487682;0,720776616;0,564770965;77,00571429;0,783558946;-0,017364203;-0,042014543;-0,040784314;0
164;ENCE;1;13;26835;18000;20395;59135;-5482;42327;-1647;-27;959;-0,06137507;0,633992487;0,45379217;27,9822732;0,715769003;-0,204285448;-0,26879137;-0,304555556;0
165;Auto Mare Nostrum;1;16;26709;66725;80773;198537;6672;194748;6996;8;630;0,261934179;0,137146466;0,13452908;42,3952381;0,980915396;0,249803437;0,08260186;0,099992507;1
166;Comercial Citroën;0;4;26270;486;839;5835;113;1091;307;13;494;0,011686334;24,07882676;4,502142245;53,17813765;0,18697515;0,004301485;0,134684148;0,232510288;1
167;Cobra;1;10;26121;3059;11387;27110;790;6496;1483;7;1884;0,056774243;4,021089901;0,963518997;13,86464968;0,239616378;0,030243865;0,06937736;0,258254331;1
168;Midesa;0;4;26084;900;3268;11586;240;2380;381;7;190;0,014606655;10,95966387;2,251337822;137,2842105;0,205420335;0,009201043;0,073439412;0,266666667;1
169;Frigo;0;1;25659;3468;5457;16752;1081;9464;2546;20;902;0,099224444;2,711221471;1,531697708;28,44678492;0,564947469;0,042129467;0,198094191;0,311707036;1
170;3M España;0;15;25643;1600;12562;22485;464;10262;1197;4;875;0,046679406;2,498830637;1,140449188;29,30628571;0,456393151;0,018094607;0,036936794;0,29;1
171;Lácteos Tetra Pack;0;13;25246;400;939;6140;257;1622;600;27;14;0,023766141;15,5647349;4,111726384;1803,285714;0,264169381;0,01017983;0,273695421;0,6425;1
172;NCR España;0;4;25171;1500;5534;19049;2155;8378;2580;39;1190;0,102498907;3,004416328;1,3213817;21,15210084;0,439813114;0,085614398;0,389410914;1,436666667;1
173;Air España;0;17;25126;1400;2040;4639;109;762;285;5;641;0,011342832;32,97375328;5,416253503;39,19812793;0,164259539;0,004338136;0,053431373;0,077857143;1
174;Canon España;0;4;25027;53;12351;20193;899;3871;1310;7;473;0,052343469;6,465254456;1,239389888;52,91120507;0,191700094;0,035921205;0,072787629;16,96226415;1
175;Copaga;0;1;24770;290;3205;8193;4;1961;303;0;53;0,012232539;12,63131056;3,023312584;467,3584906;0,239350665;0,000161486;0,00124805;0,013793103;1
176;Antena 3 Televisión;0;18;24572;25000;22697;54355;-861;16598;740;-4;981;0,030115579;1,480419328;0,452065127;25,0479103;0,305362892;-0,035039883;-0,037934529;-0,03444;1
177;Laminados Velasco;0;4;24313;1562;4804;13499;-112;3720;79;-2;207;0,003249291;6,535752688;1,801096378;117,4541063;0,275575969;-0,004606589;-0,023313905;-0,071702945;1
178;Gallina Blanca Purina;0;1;24198;469;1953;6785;609;3093;933;31;658;0,038556906;7,823472357;3,566396463;36,77507599;0,455858511;0,025167369;0,311827957;1,298507463;1
179;Pirelli Neumaticos;0;2;24175;7500;10122;21835;-1148;10522;1;-11;1620;4,1365E-05;2,297567002;1,107167392;14,92283951;0,481886879;-0,047487073;-0,113416321;-0,153066667;1
180;Philip Morris;0;18;24135;450;8445;12780;4834;6783;5549;57;777;0,229915061;3,558160106;1,888497653;31,06177606;0,530751174;0,200290035;0,57240971;10,74222222;1
181;Bendiz España;1;2;24040;2554;8502;14161;64;5628;878;1;1259;0,036522463;4,271499645;1,697620225;19,09451946;0,39742956;0,00266223;0,007527641;0,025058731;1
182;Editorial Planeta;0;18;23976;400;26004;49654;4305;20107;5056;17;429;0,210877544;1,19242055;0,482861401;55,88811189;0,4049422;0,179554555;0,165551454;10,7625;1
183;Kodak;0;4;23837;2578;6427;15557;-1921;5003;-1046;-30;660;-0,043881361;4,764541275;1,532236292;36,11666667;0,321591566;-0,080589;-0,298895286;-0,74515128;0
184;Aldesa;0;4;23752;1875;9049;12881;2491;5722;2851;28;816;0,120031997;4,150996155;1,843956215;29,10784314;0,444220169;0,104875379;0,275279036;1,328533333;1
185;Tudor;1;10;23416;7875;18552;38374;-1121;19206;-118;-6;1608;-0,005039289;1,219202333;0,610204826;14,56218905;0,500495127;-0,047873249;-0,060424752;-0,142349206;0
186;N. Montaña Quijano;1;11;23379;20102;26393;37906;693;32113;1922;3;591;0,082210531;0,728022919;0,616762518;39,55837563;0,84717459;0,029641986;0,026256962;0,034474182;1
187;Obrascón;1;5;23117;2628;6438;20593;923;2445;1137;14;578;0,049184583;9,454805726;1,12256592;39,99480969;0,118729665;0,039927326;0,143367505;0,351217656;1
188;Endesa;0;14;22808;600;133679;144283;91;137619;4713;0;238;0,206638022;0,165732929;0,158078221;95,83193277;0,953812993;0,003989828;0,000680735;0,151666667;1
189;AEG Ibérica;0;10;22723;5136;5580;13330;-1367;2147;-1128;-24;700;-0,049641333;10,58360503;1,704651163;32,46142857;0,161065266;-0,06015931;-0,244982079;-0,266160436;0
190;SE del Oxigeno;1;15;22626;6191;20600;31041;3207;15653;5104;16;879;0,22558119;1,445473711;0,72890693;25,74061433;0,504268548;0,141739592;0,155679612;0,518010015;1
191;Dumez Copisa;0;5;22413;3179;2421;19568;-4841;1157;-4670;-200;1212;-0,208361219;19,37165082;1,145390433;18,49257426;0,059127146;-0,21599072;-1,999586948;-1,522805914;0
192;Mobil Oil;0;14;22367;520;1864;7711;-686;3727;-396;-37;166;-0,017704654;6,001341562;2,900661393;134,7409639;0,483335495;-0,030670184;-0,368025751;-1,319230769;0
193;Moulinex España;1;10;22249;1075;7220;19577;556;4441;1221;8;1255;0,054878871;5,009907678;1,136486694;17,72828685;0,226847832;0,024989887;0,07700831;0,517209302;1
194;AT & Nerwork Systems España;0;10;22244;7995;7535;47346;-6067;19540;-5077;-81;768;-0,228241324;1,138382805;0,469817936;28,96354167;0,412706459;-0,272747707;-0,805175846;-0,758849281;0
195;Focoex;0;4;22225;1650;3824;14082;271;2957;336;7;97;0,01511811;7,516063578;1,57825593;229,1237113;0,209984377;0,012193476;0,070868201;0,164242424;1
196;Teka Industrial;0;6;21547;1200;7346;16855;1602;8479;1800;22;405;0,083538312;2,541219483;1,27837437;53,20246914;0,503055473;0,074349097;0,218077866;1,335;1
197;Sacir;0;5;21145;785;2298;9433;1187;1230;1542;52;885;0,072925041;17,19105691;2,241598643;23,89265537;0,1303933;0,056136202;0,516536118;1,512101911;1
198;Anecoop;0;1;21092;535;871;3722;76;568;118;9;63;0,005594538;37,13380282;5,666845782;334,7936508;0,152606126;0,003603262;0,087256028;0,142056075;1
199;Hidroeléctricas del Segre;0;7;20734;5500;13512;31287;10;27632;1305;0;327;0,062940098;0,750361899;0,662703359;63,40672783;0,883178317;0,0004823;0,000740083;0,001818182;1
200;Laboratorios Almirall;0;15;20308;3000;9651;22520;1536;10251;1995;16;973;0,098237148;1,981075017;0,901776199;20,87153135;0,455195382;0,075635218;0,159154492;0,512;1
201;Aluminia Española;0;11;20184;23000;27460;47730;-3903;37204;-1036;-14;678;-0,051327784;0,542522309;0,422878693;29,7699115;0,77946784;-0,193370987;-0,142134013;-0,169695652;0
202;EM Transportes de Madrid;0;17;20173;9712;8272;22399;-3158;14075;-992;-38;6716;-0,049174639;1,433250444;0,900620563;3,003722454;0,628376267;-0,156545878;-0,381769826;-0,325164745;0
203;Pascual Hermanos;1;1;20076;8726;4995;14381;-2442;8544;-1851;-49;5074;-0,092199641;2,349719101;1,396008622;3,956641703;0,594117238;-0,121637776;-0,488888889;-0,279853312;0
204;John Deere Ibérica;0;6;19945;4100;5698;12378;-2130;2550;-1521;-37;1046;-0,076259714;7,821568627;1,611326547;19,06787763;0,206010664;-0,106793683;-0,373815374;-0,519512195;0
205;Paradores de Turismo;0;18;19784;15889;17241;21037;388;14368;1492;2;4300;0,075414476;1,376948775;0,940438275;4,600930233;0,682987118;0,019611808;0,022504495;0,02441941;1
206;Porland Valderrivas;1;3;19760;3630;36092;50164;3683;45510;5970;10;552;0,302125506;0,434190288;0,393907982;35,79710145;0,907224304;0,18638664;0,102044774;1,014600551;1
207;Arrocerías Herba;0;1;19543;2500;9582;19361;808;12175;1061;8;308;0,054290539;1,605174538;1,009400341;63,4512987;0,628841485;0,041344727;0,084324776;0,3232;1
208;Hisalba;1;3;19447;15228;28454;58580;-3620;49385;599;-13;689;0,030801666;0,393783538;0,33197337;28,22496372;0,843035166;-0,186146964;-0,127222886;-0,237719989;1
209;Unisys España;0;8;19177;1220;5038;16495;-3816;1459;-2927;-76;635;-0,152630756;13,1439342;1,162594726;30,2;0,088451046;-0,198988371;-0,75744343;-3,127868852;0
210;Metro de Madrid;0;17;19031;2340;58518;118882;-405;96209;4652;-1;5776;0,244443277;0,197808937;0,160083108;3,29484072;0,809281472;-0,021281068;-0,006920947;-0,173076923;1
211;Starlux;0;1;18948;7400;11461;14375;1513;3094;1853;13;607;0,097793962;6,124111183;1,318121739;31,21581549;0,215234783;0,079850116;0,132012913;0,204459459;1
212;Informática El Corte Inglés;0;4;18818;;3131;6601;466;467;775;15;110;0,041183973;40,29550321;2,850780185;171,0727273;0,070746857;0,024763524;0,148834238;;1
213;Asland;1;3;18522;23118;102694;109400;1525;84559;3598;1;327;0,19425548;0,219042325;0,169305302;56,64220183;0,772934186;0,082334521;0,014849943;0,065965914;1
214;Seda de Barcelona;1;18;18288;5035;5079;22191;-7193;14012;-5862;-142;1887;-0,320538058;1,305167;0,824117886;9,691573927;0,631427155;-0,393318023;-1,416223666;-1,428599801;0
215;Sidmed;0;11;18209;17500;17916;34442;-254;27383;1686;-1;995;0,092591576;0,664974619;0,528685907;18,30050251;0,795046745;-0,013949146;-0,014177272;-0,014514286;1
216;Productos Asfálticos;0;9;18014;525;1448;7308;662;1627;810;46;143;0,044965027;11,07191149;2,464969896;125,972028;0,222632731;0,036749195;0,45718232;1,260952381;1
217;EN Eléctronica de Córdoba;0;7;17617;9000;12225;17681;2001;12106;4569;16;187;0,259351763;1,455228812;0,996380295;94,20855615;0,68468978;0,113583471;0,163680982;0,222333333;1
218;Metalúrgica Galicia;0;11;17486;550;11278;14873;1904;4978;3063;17;296;0,175168706;3,512655685;1,175687487;59,07432432;0,334700464;0,10888711;0,16882426;3,461818182;1
219;Valenciana de Cementos;1;3;17149;25122;26832;66729;-3730;51326;-2901;-14;1094;-0,169164383;0,33411916;0,25699471;15,67550274;0,769170825;-0,217505394;-0,139013119;-0,14847544;0
220;Alcofarsa;0;4;17103;560;501;3202;42;1506;201;8;196;0,011752324;11,35657371;5,341349157;87,26020408;0,470331043;0,00245571;0,083832335;0,075;1
221;Discoa;0;4;16960;250;962;2351;-3;860;29;0;280;0,001709906;19,72093023;7,21395151;60,57142857;0,365801786;-0,000176887;-0,003118503;-0,012;1
222;Televisión de Cataluña;0;16;16910;2500;18681;27097;-5388;7743;-4076;-29;1367;-0,241040804;2,183908046;0,624054323;12,37015362;0,28575119;-0,318628031;-0,288421391;-2,1552;0
223;Petroquímica Española;0;15;16608;625;5500;10873;1955;3804;2737;36;240;0,164800096;4,365930599;1,527453325;69,2;0,349857445;0,117714355;0,355454545;3,128;1
224;Prosegur;1;18;15985;5200;10089;20156;793;15449;1024;8;3991;0,064060056;1,034694802;0,7930641;4,005261839;0,766471522;0,049609008;0,078600456;0,1525;1
225;Vias y Construcciones;0;5;15740;720;3758;13437;737;1691;912;20;213;0,05794155;9,308101715;1,171392424;73,89671362;0,125846543;0,04682338;0,196114955;1,023611111;1
226;Bodegas y Bebidas;1;1;15730;3557;10631;19809;754;7544;1164;7;628;0,073998729;2,085100742;0,794083497;25,0477707;0,380836993;0,047933884;0,070924654;0,211976385;1
227;Hullera Vasco-Leonesa;1;12;15622;3420;12121;20997;1096;14189;2007;9;1547;0,128472667;1,100993728;0,744011049;10,09825469;0,675763204;0,07015747;0,090421582;0,320467836;1
228;Frint España;0;4;15620;500;604;13758;18;1217;25;3;14;0,001600512;12,83483977;1,135339439;1115,714286;0,088457625;0,001152369;0,029801325;0,036;1
229;SKF Española;0;6;15117;2862;-541;10757;-4026;5058;-3416;744;982;-0,225970761;2,988730724;1,405317468;15,39409369;0,470205448;-0,266322683;7,441774492;-1,406708595;0
